{
	"info": {
		"_postman_id": "2abfefe9-7cf2-4b70-ba1d-443fe1e19f90",
		"name": "Peru",
		"schema": "https://schema.getpostman.com/json/collection/v2.1.0/collection.json",
		"_exporter_id": "19362450",
		"_collection_link": "https://warped-shuttle-207451.postman.co/workspace/SmartPrice~84f06311-7828-4d3b-83b7-4518aac1c201/collection/19362450-2abfefe9-7cf2-4b70-ba1d-443fe1e19f90?action=share&source=collection_link&creator=19362450"
	},
	"item": [
		{
			"name": "customer",
			"item": [
				{
					"name": "customers/document",
					"request": {
						"method": "GET",
						"header": [
							{
								"key": "accept",
								"value": "application/json"
							},
							{
								"key": "x-api-key",
								"value": "customer-product-api-key",
								"type": "text",
								"disabled": true
							}
						],
						"url": {
							"raw": "http://localhost:8080/customer/api/v1/customers/documents?type=98",
							"protocol": "http",
							"host": [
								"localhost"
							],
							"port": "8080",
							"path": [
								"customer",
								"api",
								"v1",
								"customers",
								"documents"
							],
							"query": [
								{
									"key": "type",
									"value": "98"
								}
							]
						}
					},
					"response": [
						{
							"name": "200 - ok",
							"originalRequest": {
								"method": "GET",
								"header": [
									{
										"key": "accept",
										"value": "application/json"
									},
									{
										"key": "x-api-key",
										"value": "customer-product-api-key",
										"type": "text"
									}
								],
								"url": {
									"raw": "http://localhost:8080/customer/api/v1/customers/documents?type=2&number=44764675",
									"protocol": "http",
									"host": [
										"localhost"
									],
									"port": "8080",
									"path": [
										"customer",
										"api",
										"v1",
										"customers",
										"documents"
									],
									"query": [
										{
											"key": "type",
											"value": "2"
										},
										{
											"key": "number",
											"value": "44764675"
										}
									]
								}
							},
							"status": "OK",
							"code": 200,
							"_postman_previewlanguage": null,
							"header": [
								{
									"key": "Content-Type",
									"value": "application/json"
								},
								{
									"key": "Transfer-Encoding",
									"value": "chunked"
								},
								{
									"key": "Date",
									"value": "Thu, 11 Sep 2025 11:42:44 GMT"
								},
								{
									"key": "Keep-Alive",
									"value": "timeout=60"
								},
								{
									"key": "Connection",
									"value": "keep-alive"
								}
							],
							"cookie": [],
							"body": "{\n    \"message\": \"Operación exitosa\",\n    \"code\": 200,\n    \"data\": {\n        \"id\": \"BSCS-41805099\",\n        \"externalCode\": \"41805099\",\n        \"alias\": \"MICKA\",\n        \"document\": {\n            \"type\": \"2\",\n            \"number\": \"44764675\"\n        },\n        \"billingAddress\": \"Lencinas 775\"\n    }\n}"
						},
						{
							"name": "400 - IDF1 missing param",
							"originalRequest": {
								"method": "GET",
								"header": [
									{
										"key": "accept",
										"value": "application/json"
									},
									{
										"key": "x-api-key",
										"value": "customer-product-api-key",
										"type": "text"
									}
								],
								"url": {
									"raw": "http://localhost:8080/customer/api/v1/customers/documents?type=98",
									"protocol": "http",
									"host": [
										"localhost"
									],
									"port": "8080",
									"path": [
										"customer",
										"api",
										"v1",
										"customers",
										"documents"
									],
									"query": [
										{
											"key": "type",
											"value": "98"
										}
									]
								}
							},
							"status": "Bad Request",
							"code": 400,
							"_postman_previewlanguage": null,
							"header": [
								{
									"key": "Content-Type",
									"value": "application/json"
								},
								{
									"key": "Transfer-Encoding",
									"value": "chunked"
								},
								{
									"key": "Date",
									"value": "Thu, 11 Sep 2025 11:50:04 GMT"
								},
								{
									"key": "Connection",
									"value": "close"
								}
							],
							"cookie": [],
							"body": "{\n    \"code\": 400,\n    \"detail\": \"Missing required parameter: number\",\n    \"message\": \"CUSTOMER_ERROR\",\n    \"status\": \"BAD_REQUEST\",\n    \"subType\": \"IDF1\",\n    \"type\": \"MissingServletRequestParameterException\"\n}"
						},
						{
							"name": "400 - IDF6 invalid document type",
							"originalRequest": {
								"method": "GET",
								"header": [
									{
										"key": "accept",
										"value": "application/json"
									},
									{
										"key": "x-api-key",
										"value": "customer-product-api-key",
										"type": "text"
									}
								],
								"url": {
									"raw": "http://localhost:8080/customer/api/v1/customers/documents?type=98&number=44764675",
									"protocol": "http",
									"host": [
										"localhost"
									],
									"port": "8080",
									"path": [
										"customer",
										"api",
										"v1",
										"customers",
										"documents"
									],
									"query": [
										{
											"key": "type",
											"value": "98"
										},
										{
											"key": "number",
											"value": "44764675"
										}
									]
								}
							},
							"status": "Bad Request",
							"code": 400,
							"_postman_previewlanguage": null,
							"header": [
								{
									"key": "Content-Type",
									"value": "application/json"
								},
								{
									"key": "Transfer-Encoding",
									"value": "chunked"
								},
								{
									"key": "Date",
									"value": "Thu, 11 Sep 2025 11:49:37 GMT"
								},
								{
									"key": "Connection",
									"value": "close"
								}
							],
							"cookie": [],
							"body": "{\n    \"code\": 400,\n    \"detail\": \"Invalid document type: 98\",\n    \"message\": \"CUSTOMER_ERROR\",\n    \"status\": \"BAD_REQUEST\",\n    \"subType\": \"IDF6\",\n    \"type\": \"InvalidDocumentType\"\n}"
						},
						{
							"name": "404 - IDF4 Not found",
							"originalRequest": {
								"method": "GET",
								"header": [
									{
										"key": "accept",
										"value": "application/json"
									},
									{
										"key": "x-api-key",
										"value": "customer-product-api-key",
										"type": "text"
									}
								],
								"url": {
									"raw": "http://localhost:8080/customer/api/v1/customers/documents?type=2&number=447646757",
									"protocol": "http",
									"host": [
										"localhost"
									],
									"port": "8080",
									"path": [
										"customer",
										"api",
										"v1",
										"customers",
										"documents"
									],
									"query": [
										{
											"key": "type",
											"value": "2"
										},
										{
											"key": "number",
											"value": "447646757"
										}
									]
								}
							},
							"status": "Not Found",
							"code": 404,
							"_postman_previewlanguage": null,
							"header": [
								{
									"key": "Content-Type",
									"value": "application/json"
								},
								{
									"key": "Transfer-Encoding",
									"value": "chunked"
								},
								{
									"key": "Date",
									"value": "Thu, 11 Sep 2025 11:47:57 GMT"
								},
								{
									"key": "Keep-Alive",
									"value": "timeout=60"
								},
								{
									"key": "Connection",
									"value": "keep-alive"
								}
							],
							"cookie": [],
							"body": "{\n    \"code\": 404,\n    \"detail\": \"Customer not found\",\n    \"message\": \"CUSTOMER_ERROR\",\n    \"status\": \"NOT_FOUND\",\n    \"subType\": \"IDF3\",\n    \"type\": \"CustomerNotFoundException\"\n}"
						},
						{
							"name": "401 - IDF1 invalid api key",
							"originalRequest": {
								"method": "GET",
								"header": [
									{
										"key": "accept",
										"value": "application/json"
									},
									{
										"key": "x-api-key",
										"value": "customer-product-api-key",
										"type": "text",
										"disabled": true
									}
								],
								"url": {
									"raw": "http://localhost:8080/customer/api/v1/customers/documents?type=98",
									"protocol": "http",
									"host": [
										"localhost"
									],
									"port": "8080",
									"path": [
										"customer",
										"api",
										"v1",
										"customers",
										"documents"
									],
									"query": [
										{
											"key": "type",
											"value": "98"
										}
									]
								}
							},
							"status": "Unauthorized",
							"code": 401,
							"_postman_previewlanguage": null,
							"header": [
								{
									"key": "Content-Type",
									"value": "application/json;charset=ISO-8859-1"
								},
								{
									"key": "Content-Length",
									"value": "130"
								},
								{
									"key": "Date",
									"value": "Thu, 11 Sep 2025 13:53:34 GMT"
								},
								{
									"key": "Keep-Alive",
									"value": "timeout=60"
								},
								{
									"key": "Connection",
									"value": "keep-alive"
								}
							],
							"cookie": [],
							"body": "{\n    \"code\": 401,\n    \"detail\": \"Invalid or missing API Key\",\n    \"message\": \"CUSTOMER_ERROR\",\n    \"status\": \"UNAUTHORIZED\",\n    \"subType\": \"IDF1\",\n    \"type\": null\n}"
						}
					]
				},
				{
					"name": "customers/{id}",
					"request": {
						"method": "GET",
						"header": [
							{
								"key": "accept",
								"value": "application/json"
							},
							{
								"key": "x-api-key",
								"value": "customer-product-api-key",
								"type": "text"
							}
						],
						"url": {
							"raw": "http://localhost:8080/customer/api/v1/customers/BSCS-41805099",
							"protocol": "http",
							"host": [
								"localhost"
							],
							"port": "8080",
							"path": [
								"customer",
								"api",
								"v1",
								"customers",
								"BSCS-41805099"
							]
						}
					},
					"response": [
						{
							"name": "200 - OK",
							"originalRequest": {
								"method": "GET",
								"header": [
									{
										"key": "accept",
										"value": "application/json"
									},
									{
										"key": "x-api-key",
										"value": "customer-product-api-key",
										"type": "text"
									}
								],
								"url": {
									"raw": "http://localhost:8080/customer/api/v1/customers/CLI001",
									"protocol": "http",
									"host": [
										"localhost"
									],
									"port": "8080",
									"path": [
										"customer",
										"api",
										"v1",
										"customers",
										"CLI001"
									]
								}
							},
							"status": "OK",
							"code": 200,
							"_postman_previewlanguage": "json",
							"header": [
								{
									"key": "Content-Type",
									"value": "application/json"
								},
								{
									"key": "Transfer-Encoding",
									"value": "chunked"
								},
								{
									"key": "Date",
									"value": "Fri, 05 Sep 2025 17:02:48 GMT"
								},
								{
									"key": "Keep-Alive",
									"value": "timeout=60"
								},
								{
									"key": "Connection",
									"value": "keep-alive"
								}
							],
							"cookie": [],
							"body": "{\n    \"code\": 200,\n    \"message\": \"Operación exitosa\",\n    \"data\": {\n        \"id\": \"CLI001\",\n        \"document\": {\n            \"type\": \"1\",\n            \"number\": \"12345678\"\n        },\n        \"alias\": null\n    }\n}"
						},
						{
							"name": "404 - IDF3 - Not found",
							"originalRequest": {
								"method": "GET",
								"header": [
									{
										"key": "accept",
										"value": "application/json"
									},
									{
										"key": "x-api-key",
										"value": "customer-product-api-key",
										"type": "text"
									}
								],
								"url": {
									"raw": "http://localhost:8080/customer/api/v1/customers/1",
									"protocol": "http",
									"host": [
										"localhost"
									],
									"port": "8080",
									"path": [
										"customer",
										"api",
										"v1",
										"customers",
										"1"
									]
								}
							},
							"status": "Not Found",
							"code": 404,
							"_postman_previewlanguage": "json",
							"header": [
								{
									"key": "Content-Type",
									"value": "application/json"
								},
								{
									"key": "Transfer-Encoding",
									"value": "chunked"
								},
								{
									"key": "Date",
									"value": "Tue, 09 Sep 2025 19:33:37 GMT"
								},
								{
									"key": "Keep-Alive",
									"value": "timeout=60"
								},
								{
									"key": "Connection",
									"value": "keep-alive"
								}
							],
							"cookie": [],
							"body": "{\n    \"code\": 404,\n    \"detail\": \"Customer not found\",\n    \"message\": \"CUSTOMER_ERROR\",\n    \"status\": \"NOT_FOUND\",\n    \"subType\": \"IDF3\",\n    \"type\": \"CustomerNotFoundException\"\n}"
						},
						{
							"name": "401 - IDF1 - Invalid api-key",
							"originalRequest": {
								"method": "GET",
								"header": [
									{
										"key": "accept",
										"value": "application/json"
									},
									{
										"key": "x-api-key",
										"value": "customer-product-api-key",
										"type": "text",
										"disabled": true
									}
								],
								"url": {
									"raw": "http://localhost:8080/customer/api/v1/customers/1",
									"protocol": "http",
									"host": [
										"localhost"
									],
									"port": "8080",
									"path": [
										"customer",
										"api",
										"v1",
										"customers",
										"1"
									]
								}
							},
							"status": "Unauthorized",
							"code": 401,
							"_postman_previewlanguage": "json",
							"header": [
								{
									"key": "Content-Type",
									"value": "application/json;charset=ISO-8859-1"
								},
								{
									"key": "Content-Length",
									"value": "130"
								},
								{
									"key": "Date",
									"value": "Tue, 09 Sep 2025 19:33:45 GMT"
								},
								{
									"key": "Keep-Alive",
									"value": "timeout=60"
								},
								{
									"key": "Connection",
									"value": "keep-alive"
								}
							],
							"cookie": [],
							"body": "{\n    \"code\": 401,\n    \"detail\": \"Invalid or missing API Key\",\n    \"message\": \"CUSTOMER_ERROR\",\n    \"status\": \"UNAUTHORIZED\",\n    \"subType\": \"IDF1\",\n    \"type\": null\n}"
						}
					]
				}
			]
		},
		{
			"name": "product",
			"item": [
				{
					"name": "products",
					"request": {
						"method": "GET",
						"header": [
							{
								"key": "x-api-key",
								"value": "customer-product-api-key",
								"type": "text"
							}
						],
						"url": {
							"raw": "http://localhost:8080/customer/api/v1/products?line-number=51912345001&x-api-key=customer-product-api-key",
							"protocol": "http",
							"host": [
								"localhost"
							],
							"port": "8080",
							"path": [
								"customer",
								"api",
								"v1",
								"products"
							],
							"query": [
								{
									"key": "line-number",
									"value": "51912345001"
								},
								{
									"key": "x-api-key",
									"value": "customer-product-api-key"
								}
							]
						}
					},
					"response": [
						{
							"name": "400 - only one query param",
							"originalRequest": {
								"method": "GET",
								"header": [
									{
										"key": "accept",
										"value": "application/json"
									},
									{
										"key": "x-api-key",
										"value": "customer-product-api-key",
										"type": "text"
									}
								],
								"url": {
									"raw": "http://localhost:8080/customer/api/v1/products?line-number=51912345001&customer-id=CUSTOMER12",
									"protocol": "http",
									"host": [
										"localhost"
									],
									"port": "8080",
									"path": [
										"customer",
										"api",
										"v1",
										"products"
									],
									"query": [
										{
											"key": "line-number",
											"value": "51912345001"
										},
										{
											"key": "customer-id",
											"value": "CUSTOMER12"
										}
									]
								}
							},
							"status": "Bad Request",
							"code": 400,
							"_postman_previewlanguage": "json",
							"header": [
								{
									"key": "Content-Type",
									"value": "application/json"
								},
								{
									"key": "Transfer-Encoding",
									"value": "chunked"
								},
								{
									"key": "Date",
									"value": "Thu, 11 Sep 2025 14:03:01 GMT"
								},
								{
									"key": "Connection",
									"value": "close"
								}
							],
							"cookie": [],
							"body": "{\n    \"code\": 400,\n    \"detail\": \"One of 'line-number' or 'customer-id' must be provided\",\n    \"message\": \"CUSTOMER_ERROR\",\n    \"status\": \"BAD_REQUEST\",\n    \"subType\": \"IDF1\",\n    \"type\": \"IllegalArgumentException\"\n}"
						},
						{
							"name": "200 - byCustomerId",
							"originalRequest": {
								"method": "GET",
								"header": [
									{
										"key": "x-api-key",
										"value": "customer-product-api-key",
										"type": "text"
									}
								],
								"url": {
									"raw": "http://localhost:8080/customer/api/v1/products?customer-id=SGA-19687648",
									"protocol": "http",
									"host": [
										"localhost"
									],
									"port": "8080",
									"path": [
										"customer",
										"api",
										"v1",
										"products"
									],
									"query": [
										{
											"key": "customer-id",
											"value": "SGA-19687648"
										}
									]
								}
							},
							"status": "OK",
							"code": 200,
							"_postman_previewlanguage": "json",
							"header": [
								{
									"key": "Content-Type",
									"value": "application/json"
								},
								{
									"key": "Transfer-Encoding",
									"value": "chunked"
								},
								{
									"key": "Date",
									"value": "Thu, 11 Sep 2025 12:01:40 GMT"
								},
								{
									"key": "Keep-Alive",
									"value": "timeout=60"
								},
								{
									"key": "Connection",
									"value": "keep-alive"
								}
							],
							"cookie": [],
							"body": "{\n    \"message\": \"Operación exitosa\",\n    \"code\": 200,\n    \"data\": [\n        {\n            \"customerId\": \"19687648\",\n            \"line\": {\n                \"coId\": \"CO-K-001\",\n                \"lineNumber\": \"51912345001\",\n                \"type\": \"MOBILE\",\n                \"planCode\": \"1492\",\n                \"planDescription\": \"Plan A1\",\n                \"alias\": \"MICKA\"\n            }\n        },\n        {\n            \"customerId\": \"19687648\",\n            \"line\": {\n                \"coId\": \"CO-K-001\",\n                \"lineNumber\": \"51912345001\",\n                \"type\": \"MOBILE\",\n                \"planCode\": \"1492\",\n                \"planDescription\": \"Plan A1\",\n                \"alias\": \"MICKA\"\n            }\n        }\n    ],\n    \"page\": {\n        \"totalPages\": 1,\n        \"totalElements\": 2,\n        \"size\": 10\n    }\n}"
						},
						{
							"name": "200 - byLineNumber",
							"originalRequest": {
								"method": "GET",
								"header": [
									{
										"key": "x-api-key",
										"value": "customer-product-api-key",
										"type": "text"
									}
								],
								"url": {
									"raw": "http://localhost:8080/customer/api/v1/products?line-number=51912345001&x-api-key=customer-product-api-key",
									"protocol": "http",
									"host": [
										"localhost"
									],
									"port": "8080",
									"path": [
										"customer",
										"api",
										"v1",
										"products"
									],
									"query": [
										{
											"key": "line-number",
											"value": "51912345001"
										},
										{
											"key": "x-api-key",
											"value": "customer-product-api-key"
										}
									]
								}
							},
							"status": "OK",
							"code": 200,
							"_postman_previewlanguage": "json",
							"header": [
								{
									"key": "Content-Type",
									"value": "application/json"
								},
								{
									"key": "Transfer-Encoding",
									"value": "chunked"
								},
								{
									"key": "Date",
									"value": "Wed, 10 Sep 2025 18:28:57 GMT"
								},
								{
									"key": "Keep-Alive",
									"value": "timeout=60"
								},
								{
									"key": "Connection",
									"value": "keep-alive"
								}
							],
							"cookie": [],
							"body": "{\n    \"message\": \"Operación exitosa\",\n    \"code\": 200,\n    \"data\": [\n        {\n            \"customerId\": \"19687648\",\n            \"lineDto\": {\n                \"coId\": \"CO-K-001\",\n                \"lineNumber\": \"51912345001\",\n                \"type\": \"MOBILE\",\n                \"state\": null,\n                \"planCode\": null,\n                \"planDescription\": \"Plan A1\",\n                \"addressText\": null,\n                \"alias\": null\n            }\n        },\n        {\n            \"customerId\": \"19687648\",\n            \"lineDto\": {\n                \"coId\": \"CO-K-001\",\n                \"lineNumber\": \"51912345001\",\n                \"type\": \"MOBILE\",\n                \"state\": null,\n                \"planCode\": null,\n                \"planDescription\": \"Plan A1\",\n                \"addressText\": null,\n                \"alias\": null\n            }\n        }\n    ],\n    \"page\": {\n        \"totalPages\": 1,\n        \"totalElements\": 2,\n        \"size\": 10\n    }\n}"
						},
						{
							"name": "401 - Invalid api-key",
							"originalRequest": {
								"method": "GET",
								"header": [
									{
										"key": "x-api-key",
										"value": "customer-product-api-key",
										"type": "text",
										"disabled": true
									}
								],
								"url": {
									"raw": "http://localhost:8080/customer/api/v1/products?line-number=51912345001&x-api-key=customer-product-api-key",
									"protocol": "http",
									"host": [
										"localhost"
									],
									"port": "8080",
									"path": [
										"customer",
										"api",
										"v1",
										"products"
									],
									"query": [
										{
											"key": "line-number",
											"value": "51912345001"
										},
										{
											"key": "x-api-key",
											"value": "customer-product-api-key"
										}
									]
								}
							},
							"status": "Unauthorized",
							"code": 401,
							"_postman_previewlanguage": "json",
							"header": [
								{
									"key": "Content-Type",
									"value": "application/json;charset=ISO-8859-1"
								},
								{
									"key": "Content-Length",
									"value": "130"
								},
								{
									"key": "Date",
									"value": "Thu, 11 Sep 2025 14:02:38 GMT"
								},
								{
									"key": "Keep-Alive",
									"value": "timeout=60"
								},
								{
									"key": "Connection",
									"value": "keep-alive"
								}
							],
							"cookie": [],
							"body": "{\n    \"code\": 401,\n    \"detail\": \"Invalid or missing API Key\",\n    \"message\": \"CUSTOMER_ERROR\",\n    \"status\": \"UNAUTHORIZED\",\n    \"subType\": \"IDF1\",\n    \"type\": null\n}"
						}
					]
				}
			]
		}
	]
}