{
	"info": {
		"_postman_id": "22828947-74a2-4396-85f8-aecbedac3d26",
		"name": "configuration-management",
		"schema": "https://schema.getpostman.com/json/collection/v2.1.0/collection.json",
		"_exporter_id": "19362450",
		"_collection_link": "https://warped-shuttle-207451.postman.co/workspace/SmartPrice~84f06311-7828-4d3b-83b7-4518aac1c201/collection/19362450-22828947-74a2-4396-85f8-aecbedac3d26?action=share&source=collection_link&creator=19362450"
	},
	"item": [
		{
			"name": "equivalence",
			"request": {
				"method": "GET",
				"header": [
					{
						"key": "accept",
						"value": "application/json"
					},
					{
						"key": "x-request-id",
						"value": "x"
					},
					{
						"key": "x-correlation-id",
						"value": "x"
					},
					{
						"key": "x-client-version-id",
						"value": "x"
					},
					{
						"key": "Authorization",
						"value": "{{AUTH_TOKEN}}",
						"type": "text"
					}
				],
				"url": {
					"raw": "http://localhost:8080/configuration-management/api/v1/equivalence?abbreviation=DNI&app=TIMPROD",
					"protocol": "http",
					"host": [
						"localhost"
					],
					"port": "8080",
					"path": [
						"configuration-management",
						"api",
						"v1",
						"equivalence"
					],
					"query": [
						{
							"key": "abbreviation",
							"value": "DNI"
						},
						{
							"key": "app",
							"value": "TIMPROD"
						}
					]
				}
			},
			"response": [
				{
					"name": "200 - Ok",
					"originalRequest": {
						"method": "GET",
						"header": [
							{
								"key": "accept",
								"value": "application/json"
							},
							{
								"key": "x-request-id",
								"value": "x"
							},
							{
								"key": "x-correlation-id",
								"value": "x"
							},
							{
								"key": "x-client-version-id",
								"value": "x"
							},
							{
								"key": "Authorization",
								"value": "{{AUTH_TOKEN}}",
								"type": "text"
							}
						],
						"url": {
							"raw": "http://localhost:8080/configuration-management/api/v1/equivalence?abbreviation=DNI&app=TIMPROD",
							"protocol": "http",
							"host": [
								"localhost"
							],
							"port": "8080",
							"path": [
								"configuration-management",
								"api",
								"v1",
								"equivalence"
							],
							"query": [
								{
									"key": "abbreviation",
									"value": "DNI"
								},
								{
									"key": "app",
									"value": "TIMPROD"
								}
							]
						}
					},
					"status": "OK",
					"code": 200,
					"_postman_previewlanguage": null,
					"header": [
						{
							"key": "X-Content-Type-Options",
							"value": "nosniff"
						},
						{
							"key": "X-XSS-Protection",
							"value": "0"
						},
						{
							"key": "Cache-Control",
							"value": "no-cache, no-store, max-age=0, must-revalidate"
						},
						{
							"key": "Pragma",
							"value": "no-cache"
						},
						{
							"key": "Expires",
							"value": "0"
						},
						{
							"key": "X-Frame-Options",
							"value": "DENY"
						},
						{
							"key": "Content-Type",
							"value": "application/json"
						},
						{
							"key": "Transfer-Encoding",
							"value": "chunked"
						},
						{
							"key": "Date",
							"value": "Thu, 27 Nov 2025 19:36:41 GMT"
						},
						{
							"key": "Keep-Alive",
							"value": "timeout=60"
						},
						{
							"key": "Connection",
							"value": "keep-alive"
						}
					],
					"cookie": [],
					"body": "{\n    \"message\": \"OK\",\n    \"code\": 200,\n    \"data\": {\n        \"legacyDocTypeCode\": \"DNI\",\n        \"crmDocTypeCode\": \"1\",\n        \"description\": \"DOCUMENTO NACIONAL DE IDENTIDAD\",\n        \"abbreviation\": \"DNI\",\n        \"legacyAppName\": \"TIMPROD\"\n    }\n}"
				},
				{
					"name": "400 - Bad request",
					"originalRequest": {
						"method": "GET",
						"header": [
							{
								"key": "accept",
								"value": "application/json"
							},
							{
								"key": "x-request-id",
								"value": "x"
							},
							{
								"key": "x-correlation-id",
								"value": "x"
							},
							{
								"key": "x-client-version-id",
								"value": "x"
							},
							{
								"key": "Authorization",
								"value": "{{AUTH_TOKEN}}",
								"type": "text"
							}
						],
						"url": {
							"raw": "http://localhost:8080/configuration-management/api/v1/equivalence?abbreviation=DNI",
							"protocol": "http",
							"host": [
								"localhost"
							],
							"port": "8080",
							"path": [
								"configuration-management",
								"api",
								"v1",
								"equivalence"
							],
							"query": [
								{
									"key": "abbreviation",
									"value": "DNI"
								},
								{
									"key": "app",
									"value": "TIMPROD",
									"disabled": true
								}
							]
						}
					},
					"status": "Bad Request",
					"code": 400,
					"_postman_previewlanguage": null,
					"header": [
						{
							"key": "X-Content-Type-Options",
							"value": "nosniff"
						},
						{
							"key": "X-XSS-Protection",
							"value": "0"
						},
						{
							"key": "Cache-Control",
							"value": "no-cache, no-store, max-age=0, must-revalidate"
						},
						{
							"key": "Pragma",
							"value": "no-cache"
						},
						{
							"key": "Expires",
							"value": "0"
						},
						{
							"key": "X-Frame-Options",
							"value": "DENY"
						},
						{
							"key": "Content-Type",
							"value": "application/json"
						},
						{
							"key": "Transfer-Encoding",
							"value": "chunked"
						},
						{
							"key": "Date",
							"value": "Fri, 28 Nov 2025 16:04:15 GMT"
						},
						{
							"key": "Connection",
							"value": "close"
						}
					],
					"cookie": [],
					"body": "{\n    \"code\": 400,\n    \"detail\": \"Missing required parameter: app\",\n    \"message\": \"CONFIGURATION_MANAGEMENT_ERROR\",\n    \"status\": \"BAD_REQUEST\",\n    \"subType\": \"IDF1\",\n    \"type\": \"MissingServletRequestParameterException\"\n}"
				},
				{
					"name": "401 - Unauthorized",
					"originalRequest": {
						"method": "GET",
						"header": [
							{
								"key": "accept",
								"value": "application/json"
							},
							{
								"key": "x-request-id",
								"value": "x"
							},
							{
								"key": "x-correlation-id",
								"value": "x"
							},
							{
								"key": "x-client-version-id",
								"value": "x"
							},
							{
								"key": "Authorization",
								"value": "{{AUTH_TOKEN}}",
								"type": "text",
								"disabled": true
							}
						],
						"url": {
							"raw": "http://localhost:8080/configuration-management/api/v1/equivalence?abbreviation=DNI&app=TIMPROD",
							"protocol": "http",
							"host": [
								"localhost"
							],
							"port": "8080",
							"path": [
								"configuration-management",
								"api",
								"v1",
								"equivalence"
							],
							"query": [
								{
									"key": "abbreviation",
									"value": "DNI"
								},
								{
									"key": "app",
									"value": "TIMPROD"
								}
							]
						}
					},
					"status": "Unauthorized",
					"code": 401,
					"_postman_previewlanguage": null,
					"header": [
						{
							"key": "X-Content-Type-Options",
							"value": "nosniff"
						},
						{
							"key": "X-XSS-Protection",
							"value": "0"
						},
						{
							"key": "Cache-Control",
							"value": "no-cache, no-store, max-age=0, must-revalidate"
						},
						{
							"key": "Pragma",
							"value": "no-cache"
						},
						{
							"key": "Expires",
							"value": "0"
						},
						{
							"key": "X-Frame-Options",
							"value": "DENY"
						},
						{
							"key": "Content-Type",
							"value": "application/json"
						},
						{
							"key": "Content-Length",
							"value": "145"
						},
						{
							"key": "Date",
							"value": "Thu, 27 Nov 2025 19:37:51 GMT"
						},
						{
							"key": "Keep-Alive",
							"value": "timeout=60"
						},
						{
							"key": "Connection",
							"value": "keep-alive"
						}
					],
					"cookie": [],
					"body": "{\n    \"code\": 401,\n    \"detail\": \"Invalid or missing Token.\",\n    \"message\": \"CONFIGURATION_MANAGEMENT_ERROR\",\n    \"status\": \"Unauthorized\",\n    \"subType\": \"IDF1\",\n    \"type\": null\n}"
				},
				{
					"name": "404 - Not found",
					"originalRequest": {
						"method": "GET",
						"header": [
							{
								"key": "accept",
								"value": "application/json"
							},
							{
								"key": "x-request-id",
								"value": "x"
							},
							{
								"key": "x-correlation-id",
								"value": "x"
							},
							{
								"key": "x-client-version-id",
								"value": "x"
							},
							{
								"key": "Authorization",
								"value": "{{AUTH_TOKEN}}",
								"type": "text"
							}
						],
						"url": {
							"raw": "http://localhost:8080/configuration-management/api/v1/equivalence?abbreviation=DNI&app=TIMPRODk",
							"protocol": "http",
							"host": [
								"localhost"
							],
							"port": "8080",
							"path": [
								"configuration-management",
								"api",
								"v1",
								"equivalence"
							],
							"query": [
								{
									"key": "abbreviation",
									"value": "DNI"
								},
								{
									"key": "app",
									"value": "TIMPRODk"
								}
							]
						}
					},
					"status": "Not Found",
					"code": 404,
					"_postman_previewlanguage": null,
					"header": [
						{
							"key": "X-Content-Type-Options",
							"value": "nosniff"
						},
						{
							"key": "X-XSS-Protection",
							"value": "0"
						},
						{
							"key": "Cache-Control",
							"value": "no-cache, no-store, max-age=0, must-revalidate"
						},
						{
							"key": "Pragma",
							"value": "no-cache"
						},
						{
							"key": "Expires",
							"value": "0"
						},
						{
							"key": "X-Frame-Options",
							"value": "DENY"
						},
						{
							"key": "Content-Type",
							"value": "application/json"
						},
						{
							"key": "Transfer-Encoding",
							"value": "chunked"
						},
						{
							"key": "Date",
							"value": "Thu, 27 Nov 2025 19:36:19 GMT"
						},
						{
							"key": "Keep-Alive",
							"value": "timeout=60"
						},
						{
							"key": "Connection",
							"value": "keep-alive"
						}
					],
					"cookie": [],
					"body": "{\n    \"code\": 404,\n    \"detail\": \"DocumentType equivalence not found\",\n    \"message\": \"CONFIGURATION_MANAGEMENT_ERROR\",\n    \"status\": \"NOT_FOUND\",\n    \"subType\": \"IDF3\",\n    \"type\": \"DocumentEquivalenceNotFoundException\"\n}"
				}
			]
		}
	]
}