{
	"info": {
		"_postman_id": "2dd24e66-4906-4362-ab8a-f7f3242780f1",
		"name": "Invoice",
		"schema": "https://schema.getpostman.com/json/collection/v2.1.0/collection.json",
		"_exporter_id": "13157462"
	},
	"item": [
		{
			"name": "/v1/bills",
			"request": {
				"method": "GET",
				"header": [
					{
						"key": "x-correlation-id",
						"value": "",
						"type": "text"
					},
					{
						"key": "x-request-id",
						"value": "",
						"type": "text"
					},
					{
						"key": "x-api-key",
						"value": "invoice-api-key",
						"type": "text"
					}
				],
				"url": {
					"raw": "localhost:8080/invoice/api/v1/bills?documentType=DNI&documentNumber=12345678&page=0&size=5",
					"host": [
						"localhost"
					],
					"port": "8080",
					"path": [
						"invoice",
						"api",
						"v1",
						"bills"
					],
					"query": [
						{
							"key": "documentType",
							"value": "DNI"
						},
						{
							"key": "documentNumber",
							"value": "12345678"
						},
						{
							"key": "lineNumber",
							"value": "9876321",
							"disabled": true
						},
						{
							"key": "page",
							"value": "0"
						},
						{
							"key": "size",
							"value": "5"
						}
					]
				}
			},
			"response": [
				{
					"name": "200 OK",
					"originalRequest": {
						"method": "GET",
						"header": [
							{
								"key": "x-correlation-id",
								"value": "",
								"type": "text"
							},
							{
								"key": "x-request-id",
								"value": "",
								"type": "text"
							},
							{
								"key": "x-api-key",
								"value": "invoice-api-key",
								"type": "text"
							}
						],
						"url": {
							"raw": "localhost:8080/invoice/api/v1/bills?documentType=DNI&documentNumber=12345678&page=0&size=10",
							"host": [
								"localhost"
							],
							"port": "8080",
							"path": [
								"invoice",
								"api",
								"v1",
								"bills"
							],
							"query": [
								{
									"key": "documentType",
									"value": "DNI"
								},
								{
									"key": "documentNumber",
									"value": "12345678"
								},
								{
									"key": "lineNumber",
									"value": "9876321",
									"disabled": true
								},
								{
									"key": "page",
									"value": "0"
								},
								{
									"key": "size",
									"value": "10"
								}
							]
						}
					},
					"status": "OK",
					"code": 200,
					"_postman_previewlanguage": "json",
					"header": [
						{
							"key": "Content-Type",
							"value": "application/json",
							"description": "",
							"type": "text"
						},
						{
							"key": "Transfer-Encoding",
							"value": "chunked"
						},
						{
							"key": "Date",
							"value": "Mon, 08 Sep 2025 16:12:42 GMT"
						},
						{
							"key": "Keep-Alive",
							"value": "timeout=60"
						},
						{
							"key": "Connection",
							"value": "keep-alive"
						}
					],
					"cookie": [],
					"body": "{\n    \"code\": 200,\n    \"message\": \"Operación exitosa\",\n    \"data\": {\n        \"totalDebt\": 104.5,\n        \"accountDebt\": 104.5,\n        \"currency\": \"PEN\",\n        \"paidBills\": [\n            {\n                \"type\": \"REC\",\n                \"number\": \"SB01-0465448455\",\n                \"month\": \"AGOSTO    \",\n                \"name\": \"Recibo agosto    \",\n                \"amount\": 69.9,\n                \"paymentDue\": \"2025-08-14T00:00:00\",\n                \"lineType\": null,\n                \"lineNumber\": [\n                    {\n                        \"number\": \"001\"\n                    }\n                ],\n                \"address\": \"AV. CANADA 156\"\n            },\n            {\n                \"type\": \"REC\",\n                \"number\": \"CVEM-0001234\",\n                \"month\": \"JULIO     \",\n                \"name\": \"Recibo julio     \",\n                \"amount\": 89.5,\n                \"paymentDue\": \"2025-07-14T00:00:00\",\n                \"lineType\": null,\n                \"lineNumber\": [\n                    {\n                        \"number\": \"002\"\n                    }\n                ],\n                \"address\": \"AV. CANADA 156\"\n            }\n        ],\n        \"pendingBills\": [\n            {\n                \"type\": \"REC\",\n                \"number\": \"SB01-0465448456\",\n                \"month\": null,\n                \"name\": \"Recibo septiembre\",\n                \"amount\": 59.5,\n                \"dueDate\": \"2025-09-14T00:00:00\",\n                \"lineType\": \"Móvil: postpago\",\n                \"lineNumber\": [\n                    {\n                        \"number\": \"001\"\n                    }\n                ],\n                \"address\": \"AV. CANADA 156\"\n            },\n            {\n                \"type\": \"FIN\",\n                \"number\": \"FIN000012345\",\n                \"month\": null,\n                \"name\": \"Cuota financiamiento\",\n                \"amount\": 45,\n                \"dueDate\": \"2025-09-20T00:00:00\",\n                \"lineType\": \"Fija: 1 play\",\n                \"lineNumber\": [\n                    {\n                        \"number\": \"003\"\n                    }\n                ],\n                \"address\": \"AV. CANADA 156\"\n            }\n        ]\n    },\n    \"pagination\": {\n        \"page\": 0,\n        \"size\": 10,\n        \"total\": 2,\n        \"totalPages\": 1,\n        \"hasNext\": true,\n        \"hasPrevious\": false\n    }\n}"
				},
				{
					"name": "Error 401 - IDF1",
					"originalRequest": {
						"method": "GET",
						"header": [
							{
								"key": "x-correlation-id",
								"value": "",
								"type": "text"
							},
							{
								"key": "x-request-id",
								"value": "",
								"type": "text"
							},
							{
								"key": "x-api-key",
								"value": "invoice-api-key",
								"type": "text",
								"disabled": true
							}
						],
						"url": {
							"raw": "localhost:8080/invoice/api/v1/bills?documentType=DNI2&documentNumber=123456789&page=0&size=10",
							"host": [
								"localhost"
							],
							"port": "8080",
							"path": [
								"invoice",
								"api",
								"v1",
								"bills"
							],
							"query": [
								{
									"key": "documentType",
									"value": "DNI2"
								},
								{
									"key": "documentNumber",
									"value": "123456789"
								},
								{
									"key": "lineNumber",
									"value": "9876321",
									"disabled": true
								},
								{
									"key": "page",
									"value": "0"
								},
								{
									"key": "size",
									"value": "10"
								}
							]
						}
					},
					"status": "Unauthorized",
					"code": 401,
					"_postman_previewlanguage": "json",
					"header": [
						{
							"key": "Content-Type",
							"value": "application/json",
							"description": "",
							"type": "text"
						},
						{
							"key": "Content-Length",
							"value": "129"
						},
						{
							"key": "Date",
							"value": "Mon, 08 Sep 2025 16:48:08 GMT"
						},
						{
							"key": "Keep-Alive",
							"value": "timeout=60"
						},
						{
							"key": "Connection",
							"value": "keep-alive"
						}
					],
					"cookie": [
						{
							"expires": "Invalid Date",
							"domain": "",
							"path": ""
						}
					],
					"body": "{\n    \"code\": 401,\n    \"detail\": \"Invalid or missing API Key\",\n    \"message\": \"INVOICE_ERROR\",\n    \"status\": \"UNAUTHORIZED\",\n    \"subType\": \"IDF1\",\n    \"type\": null\n}"
				},
				{
					"name": "Error 400 - IDF1",
					"originalRequest": {
						"method": "GET",
						"header": [
							{
								"key": "x-correlation-id",
								"value": "",
								"type": "text"
							},
							{
								"key": "x-request-id",
								"value": "",
								"type": "text"
							},
							{
								"key": "x-api-key",
								"value": "invoice-api-key",
								"type": "text"
							}
						],
						"url": {
							"raw": "localhost:8080/invoice/api/v1/bills?documentType=DNI&page=0&size=10",
							"host": [
								"localhost"
							],
							"port": "8080",
							"path": [
								"invoice",
								"api",
								"v1",
								"bills"
							],
							"query": [
								{
									"key": "documentType",
									"value": "DNI"
								},
								{
									"key": "documentNumber",
									"value": "12345678",
									"disabled": true
								},
								{
									"key": "lineNumber",
									"value": "9876321",
									"disabled": true
								},
								{
									"key": "page",
									"value": "0"
								},
								{
									"key": "size",
									"value": "10"
								}
							]
						}
					},
					"status": "Bad Request",
					"code": 400,
					"_postman_previewlanguage": "json",
					"header": [
						{
							"key": "Content-Type",
							"value": "application/json",
							"description": "",
							"type": "text"
						},
						{
							"key": "Transfer-Encoding",
							"value": "chunked"
						},
						{
							"key": "Date",
							"value": "Mon, 08 Sep 2025 16:50:49 GMT"
						},
						{
							"key": "Connection",
							"value": "close"
						}
					],
					"cookie": [],
					"body": "{\n    \"code\": 400,\n    \"detail\": \"You must provide either document info (type and number) or a line number.\",\n    \"message\": \"INVOICE_ERROR\",\n    \"status\": \"BAD_REQUEST\",\n    \"subType\": \"IDF1\",\n    \"type\": \"InvalidParameterException\"\n}"
				},
				{
					"name": "Error 400 - IDF5",
					"originalRequest": {
						"method": "GET",
						"header": [
							{
								"key": "x-correlation-id",
								"value": "",
								"type": "text"
							},
							{
								"key": "x-request-id",
								"value": "",
								"type": "text"
							},
							{
								"key": "x-api-key",
								"value": "invoice-api-key",
								"type": "text"
							}
						],
						"url": {
							"raw": "localhost:8080/invoice/api/v1/bills?documentType=DNI&documentNumber=12345678&lineNumber=9876321&page=0&size=10",
							"host": [
								"localhost"
							],
							"port": "8080",
							"path": [
								"invoice",
								"api",
								"v1",
								"bills"
							],
							"query": [
								{
									"key": "documentType",
									"value": "DNI"
								},
								{
									"key": "documentNumber",
									"value": "12345678"
								},
								{
									"key": "lineNumber",
									"value": "9876321"
								},
								{
									"key": "page",
									"value": "0"
								},
								{
									"key": "size",
									"value": "10"
								}
							]
						}
					},
					"status": "Bad Request",
					"code": 400,
					"_postman_previewlanguage": "json",
					"header": [
						{
							"key": "Content-Type",
							"value": "application/json",
							"description": "",
							"type": "text"
						},
						{
							"key": "Transfer-Encoding",
							"value": "chunked"
						},
						{
							"key": "Date",
							"value": "Mon, 08 Sep 2025 16:50:06 GMT"
						},
						{
							"key": "Connection",
							"value": "close"
						}
					],
					"cookie": [
						{
							"expires": "Invalid Date",
							"domain": "",
							"path": ""
						}
					],
					"body": "{\n    \"code\": 400,\n    \"detail\": \"Provide either document info (type and number) or line number, but not both.\",\n    \"message\": \"INVOICE_ERROR\",\n    \"status\": \"BAD_REQUEST\",\n    \"subType\": \"IDF5\",\n    \"type\": \"MutuallyExclusiveParametersException\"\n}"
				},
				{
					"name": "Error 400 - IDF6",
					"originalRequest": {
						"method": "GET",
						"header": [
							{
								"key": "x-correlation-id",
								"value": "",
								"type": "text"
							},
							{
								"key": "x-request-id",
								"value": "",
								"type": "text"
							},
							{
								"key": "x-api-key",
								"value": "invoice-api-key",
								"type": "text"
							}
						],
						"url": {
							"raw": "localhost:8080/invoice/api/v1/bills?documentType=DNI2&documentNumber=123456789&page=0&size=10",
							"host": [
								"localhost"
							],
							"port": "8080",
							"path": [
								"invoice",
								"api",
								"v1",
								"bills"
							],
							"query": [
								{
									"key": "documentType",
									"value": "DNI2"
								},
								{
									"key": "documentNumber",
									"value": "123456789"
								},
								{
									"key": "lineNumber",
									"value": "9876321",
									"disabled": true
								},
								{
									"key": "page",
									"value": "0"
								},
								{
									"key": "size",
									"value": "10"
								}
							]
						}
					},
					"status": "Bad Request",
					"code": 400,
					"_postman_previewlanguage": "json",
					"header": [
						{
							"key": "Content-Type",
							"value": "application/json",
							"description": "",
							"type": "text"
						},
						{
							"key": "Transfer-Encoding",
							"value": "chunked"
						},
						{
							"key": "Date",
							"value": "Mon, 08 Sep 2025 16:48:41 GMT"
						},
						{
							"key": "Connection",
							"value": "close"
						}
					],
					"cookie": [],
					"body": "{\n    \"code\": 400,\n    \"detail\": \"Invalid document type provided: 'DNI2'.\",\n    \"message\": \"INVOICE_ERROR\",\n    \"status\": \"BAD_REQUEST\",\n    \"subType\": \"IDF6\",\n    \"type\": \"DocumentTypeInvalidException\"\n}"
				},
				{
					"name": "Error 404 - IDF3",
					"originalRequest": {
						"method": "GET",
						"header": [
							{
								"key": "x-correlation-id",
								"value": "",
								"type": "text"
							},
							{
								"key": "x-request-id",
								"value": "",
								"type": "text"
							},
							{
								"key": "x-api-key",
								"value": "invoice-api-key",
								"type": "text"
							}
						],
						"url": {
							"raw": "localhost:8080/invoice/api/v1/bills?documentType=DNI&documentNumber=123456789&page=0&size=10",
							"host": [
								"localhost"
							],
							"port": "8080",
							"path": [
								"invoice",
								"api",
								"v1",
								"bills"
							],
							"query": [
								{
									"key": "documentType",
									"value": "DNI"
								},
								{
									"key": "documentNumber",
									"value": "123456789"
								},
								{
									"key": "lineNumber",
									"value": "9876321",
									"disabled": true
								},
								{
									"key": "page",
									"value": "0"
								},
								{
									"key": "size",
									"value": "10"
								}
							]
						}
					},
					"status": "Not Found",
					"code": 404,
					"_postman_previewlanguage": "json",
					"header": [
						{
							"key": "Content-Type",
							"value": "application/json",
							"description": "",
							"type": "text"
						},
						{
							"key": "Transfer-Encoding",
							"value": "chunked"
						},
						{
							"key": "Date",
							"value": "Mon, 08 Sep 2025 16:52:39 GMT"
						},
						{
							"key": "Keep-Alive",
							"value": "timeout=60"
						},
						{
							"key": "Connection",
							"value": "keep-alive"
						}
					],
					"cookie": [],
					"body": "{\n    \"code\": 404,\n    \"detail\": \"No Existe Cliente\",\n    \"message\": \"INVOICE_ERROR\",\n    \"status\": \"NOT_FOUND\",\n    \"subType\": \"IDF3\",\n    \"type\": \"StoredProcedureException\"\n}"
				}
			]
		},
		{
			"name": "/v1/debts",
			"request": {
				"method": "GET",
				"header": [
					{
						"key": "x-correlation-id",
						"value": "",
						"type": "text"
					},
					{
						"key": "x-request-id",
						"value": "",
						"type": "text"
					},
					{
						"key": "x-api-key",
						"value": "invoice-api-key",
						"type": "text"
					}
				],
				"url": {
					"raw": "localhost:8080/invoice/api/v1/debts?documentType=DNI&documentNumber=12345678",
					"host": [
						"localhost"
					],
					"port": "8080",
					"path": [
						"invoice",
						"api",
						"v1",
						"debts"
					],
					"query": [
						{
							"key": "documentType",
							"value": "DNI"
						},
						{
							"key": "documentNumber",
							"value": "12345678"
						},
						{
							"key": "lineNumber",
							"value": "912345678",
							"disabled": true
						}
					]
				}
			},
			"response": [
				{
					"name": "200 OK",
					"originalRequest": {
						"method": "GET",
						"header": [
							{
								"key": "X-Correlation-ID",
								"value": "",
								"type": "text"
							},
							{
								"key": "X-Request-ID",
								"value": "",
								"type": "text"
							},
							{
								"key": "X-API-KEY",
								"value": "invoice-api-key",
								"type": "text"
							}
						],
						"url": {
							"raw": "localhost:8080/invoice/api/v1/debts?lineNumber=912345678",
							"host": [
								"localhost"
							],
							"port": "8080",
							"path": [
								"invoice",
								"api",
								"v1",
								"debts"
							],
							"query": [
								{
									"key": "documentType",
									"value": "DNI",
									"disabled": true
								},
								{
									"key": "documentNumber",
									"value": "12345678",
									"disabled": true
								},
								{
									"key": "lineNumber",
									"value": "912345678"
								}
							]
						}
					},
					"status": "OK",
					"code": 200,
					"_postman_previewlanguage": "json",
					"header": [
						{
							"key": "Content-Type",
							"value": "application/json",
							"description": "",
							"type": "text"
						},
						{
							"key": "Transfer-Encoding",
							"value": "chunked"
						},
						{
							"key": "Date",
							"value": "Mon, 08 Sep 2025 17:06:01 GMT"
						},
						{
							"key": "Keep-Alive",
							"value": "timeout=60"
						},
						{
							"key": "Connection",
							"value": "keep-alive"
						}
					],
					"cookie": [],
					"body": "{\n    \"code\": 200,\n    \"message\": \"Operación exitosa\",\n    \"data\": {\n        \"customerId\": 12345678,\n        \"accountDebt\": 59.5,\n        \"currency\": \"PEN\",\n        \"dueDate\": \"2025-09-14T00:00:00\"\n    }\n}"
				},
				{
					"name": "Error 401 - IDF1",
					"originalRequest": {
						"method": "GET",
						"header": [
							{
								"key": "x-correlation-id",
								"value": "",
								"type": "text"
							},
							{
								"key": "x-request-id",
								"value": "",
								"type": "text"
							},
							{
								"key": "x-api-key",
								"value": "invoice-api-key",
								"type": "text",
								"disabled": true
							}
						],
						"url": {
							"raw": "localhost:8080/invoice/api/v1/debts?documentType=DNI&documentNumber=12345678",
							"host": [
								"localhost"
							],
							"port": "8080",
							"path": [
								"invoice",
								"api",
								"v1",
								"debts"
							],
							"query": [
								{
									"key": "documentType",
									"value": "DNI"
								},
								{
									"key": "documentNumber",
									"value": "12345678"
								},
								{
									"key": "lineNumber",
									"value": "912345678",
									"disabled": true
								}
							]
						}
					},
					"status": "Unauthorized",
					"code": 401,
					"_postman_previewlanguage": "json",
					"header": [
						{
							"key": "Content-Type",
							"value": "application/json",
							"description": "",
							"type": "text"
						},
						{
							"key": "Content-Length",
							"value": "129"
						},
						{
							"key": "Date",
							"value": "Mon, 08 Sep 2025 17:08:11 GMT"
						},
						{
							"key": "Keep-Alive",
							"value": "timeout=60"
						},
						{
							"key": "Connection",
							"value": "keep-alive"
						}
					],
					"cookie": [],
					"body": "{\n    \"code\": 401,\n    \"detail\": \"Invalid or missing API Key\",\n    \"message\": \"INVOICE_ERROR\",\n    \"status\": \"UNAUTHORIZED\",\n    \"subType\": \"IDF1\",\n    \"type\": null\n}"
				},
				{
					"name": "Error 400 - IDF1",
					"originalRequest": {
						"method": "GET",
						"header": [
							{
								"key": "X-Correlation-ID",
								"value": "",
								"type": "text"
							},
							{
								"key": "X-Request-ID",
								"value": "",
								"type": "text"
							},
							{
								"key": "X-API-KEY",
								"value": "invoice-api-key",
								"type": "text"
							}
						],
						"url": {
							"raw": "localhost:8080/invoice/api/v1/debts?documentNumber=12345678&lineNumber=912345678",
							"host": [
								"localhost"
							],
							"port": "8080",
							"path": [
								"invoice",
								"api",
								"v1",
								"debts"
							],
							"query": [
								{
									"key": "documentType",
									"value": "DNI",
									"disabled": true
								},
								{
									"key": "documentNumber",
									"value": "12345678"
								},
								{
									"key": "lineNumber",
									"value": "912345678"
								}
							]
						}
					},
					"status": "Bad Request",
					"code": 400,
					"_postman_previewlanguage": "json",
					"header": [
						{
							"key": "Content-Type",
							"value": "application/json",
							"description": "",
							"type": "text"
						},
						{
							"key": "Transfer-Encoding",
							"value": "chunked"
						},
						{
							"key": "Date",
							"value": "Mon, 08 Sep 2025 17:06:35 GMT"
						},
						{
							"key": "Connection",
							"value": "close"
						}
					],
					"cookie": [],
					"body": "{\n    \"code\": 400,\n    \"detail\": \"Document type is required when document number is provided.\",\n    \"message\": \"INVOICE_ERROR\",\n    \"status\": \"BAD_REQUEST\",\n    \"subType\": \"IDF1\",\n    \"type\": \"InvalidParameterException\"\n}"
				},
				{
					"name": "Error 400 - IDF5",
					"originalRequest": {
						"method": "GET",
						"header": [
							{
								"key": "x-correlation-id",
								"value": "",
								"type": "text"
							},
							{
								"key": "x-request-id",
								"value": "",
								"type": "text"
							},
							{
								"key": "x-api-key",
								"value": "invoice-api-key",
								"type": "text"
							}
						],
						"url": {
							"raw": "localhost:8080/invoice/api/v1/debts?documentType=DNI&documentNumber=12345678&lineNumber=912345678",
							"host": [
								"localhost"
							],
							"port": "8080",
							"path": [
								"invoice",
								"api",
								"v1",
								"debts"
							],
							"query": [
								{
									"key": "documentType",
									"value": "DNI"
								},
								{
									"key": "documentNumber",
									"value": "12345678"
								},
								{
									"key": "lineNumber",
									"value": "912345678"
								}
							]
						}
					},
					"status": "Bad Request",
					"code": 400,
					"_postman_previewlanguage": "json",
					"header": [
						{
							"key": "Content-Type",
							"value": "application/json",
							"description": "",
							"type": "text"
						},
						{
							"key": "Transfer-Encoding",
							"value": "chunked"
						},
						{
							"key": "Date",
							"value": "Mon, 08 Sep 2025 17:07:40 GMT"
						},
						{
							"key": "Connection",
							"value": "close"
						}
					],
					"cookie": [],
					"body": "{\n    \"code\": 400,\n    \"detail\": \"Provide either document info (type and number) or line number, but not both.\",\n    \"message\": \"INVOICE_ERROR\",\n    \"status\": \"BAD_REQUEST\",\n    \"subType\": \"IDF5\",\n    \"type\": \"MutuallyExclusiveParametersException\"\n}"
				},
				{
					"name": "Error 400 - IDF6",
					"originalRequest": {
						"method": "GET",
						"header": [
							{
								"key": "x-correlation-id",
								"value": "",
								"type": "text"
							},
							{
								"key": "x-request-id",
								"value": "",
								"type": "text"
							},
							{
								"key": "x-api-key",
								"value": "invoice-api-key",
								"type": "text"
							}
						],
						"url": {
							"raw": "localhost:8080/invoice/api/v1/debts?documentType=LINE_NUMBER&documentNumber=12345678",
							"host": [
								"localhost"
							],
							"port": "8080",
							"path": [
								"invoice",
								"api",
								"v1",
								"debts"
							],
							"query": [
								{
									"key": "documentType",
									"value": "LINE_NUMBER"
								},
								{
									"key": "documentNumber",
									"value": "12345678"
								},
								{
									"key": "lineNumber",
									"value": "912345678",
									"disabled": true
								}
							]
						}
					},
					"status": "Bad Request",
					"code": 400,
					"_postman_previewlanguage": "json",
					"header": [
						{
							"key": "Content-Type",
							"value": "application/json",
							"description": "",
							"type": "text"
						},
						{
							"key": "Transfer-Encoding",
							"value": "chunked"
						},
						{
							"key": "Date",
							"value": "Mon, 08 Sep 2025 17:09:07 GMT"
						},
						{
							"key": "Connection",
							"value": "close"
						}
					],
					"cookie": [],
					"body": "{\n    \"code\": 400,\n    \"detail\": \"Invalid document type provided: 'LINE_NUMBER'.\",\n    \"message\": \"INVOICE_ERROR\",\n    \"status\": \"BAD_REQUEST\",\n    \"subType\": \"IDF6\",\n    \"type\": \"DocumentTypeInvalidException\"\n}"
				},
				{
					"name": "Error 404 - IDF3",
					"originalRequest": {
						"method": "GET",
						"header": [
							{
								"key": "X-Correlation-ID",
								"value": "",
								"type": "text"
							},
							{
								"key": "X-Request-ID",
								"value": "",
								"type": "text"
							},
							{
								"key": "X-API-KEY",
								"value": "invoice-api-key",
								"type": "text"
							}
						],
						"url": {
							"raw": "localhost:8080/invoice/api/v1/debts?lineNumber=12345678",
							"host": [
								"localhost"
							],
							"port": "8080",
							"path": [
								"invoice",
								"api",
								"v1",
								"debts"
							],
							"query": [
								{
									"key": "documentType",
									"value": "DNI",
									"disabled": true
								},
								{
									"key": "documentNumber",
									"value": "9123456792",
									"disabled": true
								},
								{
									"key": "lineNumber",
									"value": "12345678"
								}
							]
						}
					},
					"status": "Not Found",
					"code": 404,
					"_postman_previewlanguage": "json",
					"header": [
						{
							"key": "Content-Type",
							"value": "application/json",
							"description": "",
							"type": "text"
						},
						{
							"key": "Transfer-Encoding",
							"value": "chunked"
						},
						{
							"key": "Date",
							"value": "Mon, 08 Sep 2025 17:04:56 GMT"
						},
						{
							"key": "Keep-Alive",
							"value": "timeout=60"
						},
						{
							"key": "Connection",
							"value": "keep-alive"
						}
					],
					"cookie": [],
					"body": "{\n    \"code\": 404,\n    \"detail\": \"Linea No Existe\",\n    \"message\": \"INVOICE_ERROR\",\n    \"status\": \"NOT_FOUND\",\n    \"subType\": \"IDF3\",\n    \"type\": \"StoredProcedureException\"\n}"
				}
			]
		}
	]
}