{
    "customers": [
        {"name": "Hydrogen", "typeID": "RUC 1232123", "lineNumber": "555-802-4693"},
        {"name": "Helium", "typeID": "", "lineNumber": "555-802-4693"},
        {"name": "Lithium", "typeID": "", "lineNumber": "555-802-4693"},
        {"name": "Beryllium", "typeID": "", "lineNumber": "555-802-4693"},
        {"name": "Boron", "typeID": "", "lineNumber": "555-802-4693"},
        {"name": "Carbon", "typeID": "", "lineNumber": "555-802-4693"},
        {"name": "Nitrogen", "typeID": "DNI 91827364", "lineNumber": "555-802-4693"},
        {"name": "Oxygen", "typeID": "", "lineNumber": "555-802-4693"},
        {"name": "Fluorine", "typeID": "", "lineNumber": "555-802-4693"},
        {"name": "Neon", "typeID": "Pasaporte GG4668204", "lineNumber": "555-802-4693"}
    ]
}