<archetype-descriptor xsi:schemaLocation="http://maven.apache.org/plugins/maven-archetype-plugin/archetype-descriptor/1.1.0 https://maven.apache.org/xsd/archetype-descriptor-1.1.0.xsd" xmlns="http://maven.apache.org/plugins/maven-archetype-plugin/archetype-descriptor/1.1.0" xmlns:xsi="http://www.w3.org/2001/XMLSchema-instance" name="archetype-java21">
    
    <requiredProperties>
        <requiredProperty key="classPrefix"/>
        <requiredProperty key="includeDB">
        </requiredProperty>        
        <requiredProperty key="includeKafka">           
        </requiredProperty>        
        <requiredProperty key="validateJwt">
        </requiredProperty>
        <requiredProperty key="includeRestClient">
        </requiredProperty>
    </requiredProperties>
    
    <fileSets>
        <fileSet filtered="true" packaged="true">
            <directory>src/main/java</directory>
            <includes>
                <include>**/*.java</include>
            </includes>		     
            <excludes>
                <exclude>**/repository/**</exclude>
                <exclude>**/model/**</exclude>
                <exclude>**/kafka/**</exclude>
                <exclude>**/client/**</exclude>
                <exclude>**/security/**</exclude>
                <exclude>**/configuration/security/**</exclude>
            </excludes>        
        </fileSet>
		
<fileSet filtered="true" packaged="true">
            <directory>src/main/java</directory>
            <includes>
                <include>**/repository/**/*.java</include>
            </includes>
            <requiredProperties>
                <requiredProperty key="includeDB"/>
            </requiredProperties>
        </fileSet>

        <fileSet filtered="true" packaged="true">
            <directory>src/main/java</directory>
            <includes>
                <include>**/model/**/*.java</include>
            </includes>
            <requiredProperties>
                <requiredProperty key="includeDB"/>
            </requiredProperties>
        </fileSet>

        <fileSet filtered="true" packaged="true">
            <directory>src/main/java</directory>
            <includes>
                <include>**/kafka/**/*.java</include>
            </includes>
            <requiredProperties>
                <requiredProperty key="includeKafka"/>
            </requiredProperties>
        </fileSet>

        <fileSet filtered="true" packaged="true">
            <directory>src/main/java</directory>
            <includes>
                <include>**/client/**/*.java</include>
            </includes>
            <requiredProperties>
                <requiredProperty key="includeRestClient"/>
            </requiredProperties>
        </fileSet>

        <fileSet filtered="true" packaged="true">
            <directory>src/main/java</directory>
            <includes>
                <include>**/configuration/security/**/*.java</include>
                <include>**/security/**/*.java</include>
            </includes>
            <requiredProperties>
                <requiredProperty key="validateJwt"/>
            </requiredProperties>
        </fileSet>
		
		

        <fileSet filtered="true" packaged="false">
            <directory>src/main/resources</directory>
            <includes>
                <include>**/*.properties</include>
                <include>**/*.xml</include>
            </includes>
        </fileSet>
        
        <fileSet filtered="true" packaged="true">
            <directory>src/test/java</directory>
            <includes>
                <include>**/*.java</include>
            </includes>
        </fileSet>
        
        <fileSet encoding="UTF-8">
            <directory/>
            <includes>
                <include>.gitignore</include>
                <include>README.md</include>
                <include>mvnw</include>
                <include>mvnw.cmd</include>
                <include>DockerFile</include>
            </includes>
        </fileSet>
        
        <fileSet filtered="false" packaged="false">
            <directory>.mvn/wrapper</directory>
            <includes>
                <include>**/*.jar</include>
                <include>**/*.properties</include>
            </includes>
        </fileSet>
        
        <fileSet filtered="false" packaged="false" encoding="UTF-8">
            <directory>libs</directory>
            <includes>
                <include>**/*.jar</include>
            </includes>
        </fileSet>
    </fileSets>
</archetype-descriptor>