<!DOCTYPE module PUBLIC
        "-//Puppy Crawl//DTD Check Configuration 1.3//EN"
        "http://www.puppycrawl.com/dtds/configuration_1_3.dtd">
<module name="Checker">
    <module name="LineLength">
        <property name="max" value="250" />
        <property name="ignorePattern"
                  value="^package.*|^import.*|a href|href|http://|https://|ftp://"/>
    </module>
    <module name="SuppressWarningsFilter"/>
    <module name="TreeWalker">
        <module name="SuppressWarningsHolder" />
        <module name="AvoidStarImport" />
        <module name="RedundantImport" />
        <module name="MissingSwitchDefault" />
        <module name="AvoidDoubleBraceInitialization" />
        <module name="UnusedImports" />
        <module name="NeedBraces" />
        <module name="WhitespaceAround" />
        <module name="NoLineWrap" />
        <module name="OneStatementPerLine" />
        <module name="MultipleVariableDeclarations" />
        <module name="ArrayTypeStyle" />
        <module name="FallThrough" />
        <module name="UpperEll" />
        <module name="ModifierOrder" />
        <!-- <module name="EmptyLineSeparator" /> TENTATIVO -->
        <module name="SeparatorWrap">
            <property name="tokens" value="COMMA"/>
            <property name="option" value="EOL"/>
        </module>
        <module name="PackageName">
            <property name="format" value="^[a-z]+(\.[a-z][a-z0-9]*)*$" />
        </module>
        <module name="TypeName" />
        <module name="MemberName" />
        <module name="MethodName" />
        <module name="ParameterName" />
        <module name="LocalVariableName" />
        <module name="ClassTypeParameterName" />
        <module name="MethodTypeParameterName" />
        <module name="InterfaceTypeParameterName" />
        <module name="NoFinalizer" /> <!-- TENTATIVO -->
        <module name="GenericWhitespace" />
        <module name="Indentation">
            <property name="basicOffset" value="4"/>
            <property name="braceAdjustment" value="0"/>
            <property name="caseIndent" value="4"/>
            <property name="throwsIndent" value="4"/>
            <property name="lineWrappingIndentation" value="8"/>
            <property name="arrayInitIndent" value="2"/>
        </module>
        <module name="AbbreviationAsWordInName" />
        <module name="VariableDeclarationUsageDistance" />
        <module name="MethodParamPad" />
        <module name="OperatorWrap">
            <property name="option" value="NL"/>
            <property name="tokens"
                      value="BAND, BOR, BSR, BXOR, DIV, EQUAL, GE, GT, LAND, LE, LITERAL_INSTANCEOF, LOR, LT, MINUS, MOD, NOT_EQUAL, PLUS, QUESTION, SL, SR, STAR "/>
        </module>
        <module name="AnnotationLocation">
            <property name="tokens"
                      value="CLASS_DEF, INTERFACE_DEF, ENUM_DEF, METHOD_DEF, CTOR_DEF"/>
        </module>
        <module name="AnnotationLocation">
            <property name="tokens" value="VARIABLE_DEF"/>
            <property name="allowSamelineMultipleAnnotations"
                      value="true"/>
        </module>
        <module name="MagicNumber">
            <property name="ignoreNumbers"
                      value="-1, 0, 1, 2, 4, 200, 201, 400, 401, 403, 404, 418, 500, 1000" />
        </module>
        <module name="ConstantName" />
    </module>
</module>